﻿Designator,Footprint,Quantity,Value,LCSC Part #
"C1, C10, C11, C12, C13, C14, C2, C3, C4, C5, C6, C7, C8, C9",0805,14,10pF,
J2,BarrelJack_CUI_PJ-063AH_Horizontal,1,Barrel_Jack,
"M1, M10, M11, M12, M13, M14, M2, M3, M4, M5, M6, M7, M8, M9",HOOYA-PJ-3505A_C19190915-Jack_3.5mm_PJ31060-I_Horizontal,14,Stepper_Motor_unipolar_5pin,
"R1, R2, R3",0805,3,1K,
"R10, R11, R12, R13, R14, R15, R16, R17, R18, R19, R4, R5, R6, R7, R8, R9",0805,16,10K,
"SW6, SW7, SW8, SW9",SW_MS0850502F030P1A-fixed,4,SW_Push_SPDT,
"U10, U11, U12, U13, U14, U15, U16, U17, U4, U5, U6, U7, U8, U9",SOIC-16_3.9x9.9mm_P1.27mm,14,ULN2003A,
"U2, U3",SOIC-16_3.9x9.9mm_P1.27mm,2,CD4051B,
